Name,CM 3,CM 2,CM 1 Current,Country,School,HS,Gender,WAGR(Rank),AJGA(Rank),DATA GOLF(Rank),PGA(Rank)
Luke Clanton,,,,,FLORIDA STATE,Y,,,,1,
Jackson Koivun,,,,,AUBURN,Y,M,2,,2,
David Ford,,,,,NORTH CAROLINA,Y,M,3,,3,1
Benjamin James,,,,United States,,N,M,4,,,
Ian Gilligan,,,,,FLORIDA,Y,M,5,,5,3
Brendan Valdes,,,,United States,AUBURN,Y,M,6,,6,2
Jose Luis Ballester Barrio,,,,Spain,ARIZONA STATE,Y,M,7,,13,5
Jackson Van Paris,,,,United States,VANDERBILT,Y,M,8,,8,4
Christiaan Maas,,,,South Africa,,N,M,9,,,
Tommy Morrison,,,,United States,TEXAS,Y,M,10,,14,
Michael La Sasso,,,,United States,OLE MISS,Y,M,11,,15,
Omar Morales,,,,Mexico,UCLA,Y,M,12,,32,6
Pablo Ereno Perez,,,,Spain,UCLA,Y,M,13,,28,12
Preston Summerhays,,,,United States,ARIZONA STATE,Y,M,14,,26,8
Phichaksn Maichon,,,,Thailand,TEXAS A&M,Y,M,15,,10,10
Ethan Fang,,,,United States,OKLAHOMA STATE,Y,M,16,,16,
Jackson Buchanan,,,,United States,ILLINOIS,Y,M,17,,27,11
Filip Jakubcik,,,,Czechia,ARIZONA,Y,M,18,,38,
Jase Summy,,,,United States,OKLAHOMA,Y,M,19,,17,
Carson Bacha,,,,United States,AUBURN,Y,M,20,,12,14
Preston Stout,,,,United States,OKLAHOMA STATE,Y,M,21,,9,
Gordon Sargent,,,,United States,VANDERBILT,Y,M,22,,92,
Josiah Gilbert,,,,United States,AUBURN,Y,M,23,,22,
Jack Turner,,,,United States,FLORIDA,Y,M,24,,43,
Wells Williams,,,,United States,VANDERBILT,Y,M,25,,30,
Justin Hastings,,,,Cayman Islands,SAN DIEGO STATE,Y,M,26,,18,13
Calum Scott,,,,Scotland,TEXAS TECH,Y,M,27,,55,18
Algot Kleen,,,,Sweden,LSU,Y,M,28,,40,9
Tyler Weaver,,,,England,FLORIDA STATE,Y,M,29,,64,
Bryan Lee,,,,United States,VIRGINIA,Y,M,30,,57,
Evan Beck,,,,United States,,N,M,31,,42,
Jacob Modleski,,,,United States,NOTRE DAME,Y,M,32,,23,
Drew Goodman,,,,United States,OKLAHOMA,Y,M,33,,25,15
Max Herendeen,,,,United States,ILLINOIS,Y,M,34,,31,
Sebastian Moss,,,,United States,LOUISVILLE,Y,M,35,,20,7
Gunnlaugur Arni Sveinsson,,,,Iceland,LSU,Y,M,36,,112,
Cameron Tankersley,,,,United States,OLE MISS,Y,M,37,,47,
Miles Russell,,,,United States,,N,M,38,1,11,
Buck Brumlow,,,,United States,GEORGIA,Y,M,39,,37,16
Michael Alexander Mjaaseth,,,,Norway,ARIZONA STATE,Y,M,40,,29,
Luke Potter,,,,United States,TEXAS,Y,M,41,,48,
Lance Simpson,,,,United States,TENNESSEE,Y,M,42,,35,
Connor Williams,,,,United States,ARIZONA STATE,Y,M,43,,83,
Jake Peacock,,,,United States,SOUTH FLORIDA,Y,M,44,,24,19
Ashton McCulloch,,,,Canada,MICHIGAN STATE,Y,M,45,,46,32
Caden Fioroni,,,,United States,UNLV,Y,M,46,,53,17
Gray Albright,,,,United States,FLORIDA STATE,Y,M,47,,115,22
Dominic Clemons,,,,England,ALABAMA,Y,M,48,,90,
Ethan Evans,,,,United States,DUKE,Y,M,49,175,81,
Ryder Cowan,,,,United States,OKLAHOMA,Y,M,50,,33,
Jack Bigham,,,,England,FLORIDA STATE,Y,M,51,,73,
Frankie Harris,,,,United States,SOUTH CAROLINA,Y,M,52,,63,
Hiroshi Tai,,,,Singapore,GEORGIA TECH,Y,M,53,,136,
Eric Lee,,,,United States,OKLAHOMA STATE,Y,M,54,,21,
Luke Colton,,,,United States,,N,M,55,4,19,
Mahanth Chirravuri,,,,United States,PEPPERDINE,Y,M,56,,39,
Zachery Pollo,,,,United States,ARIZONA,Y,M,57,,61,
Stewart Hagestad,,,,United States,,N,M,58,,60,
Xihuan Chang,,,,China,,N,M,59,38,274,
Daniel Svard,,,,Sweden,NORTHWESTERN,Y,M,60,,70,
Kieron Van Wyk,,,,South Africa,COLLEGE OF CHARLESTON,Y,M,61,,45,23
Enrique Dimayuga,,,,Philippines,SMU,Y,M,62,,161,21
Connor Graham,,,,Scotland,TEXAS TECH,Y,M,63,,41,
Daniel Bennett,,,,South Africa,TEXAS,Y,M,64,,34,
Ryan Voois,,,,United States,ILLINOIS,Y,M,65,,58,
Andrey Borges Xavier,,,,Brazil,,N,M,66,,380,
Taehoon Song,,,,Korea - Republic of,WASHINGTON,Y,M,67,,165,
Nguyen Anh Minh,,,,Vietnam,,N,M,68,,154,
Tim Wiedemeyer,,,,Germany,TEXAS TECH,Y,M,69,,96,
Hunter Thomson,,,,Canada,MICHIGAN,Y,M,70,,44,20
Benjamin Reuter,,,,Netherlands,GEORGIA TECH,Y,M,71,,167,
Jose Luis Montano,,,,Bolivia,,N,M,72,,,
Paul Chang,,,,China,VIRGINIA,Y,M,73,,69,
Michael Karanga Warigia,,,,Kenya,,N,M,74,,,
Herik Machado,,,,Brazil,,N,M,75,,,
Jonathan Griz,,,,United States,ALABAMA,Y,M,76,,85,
Hugo Le Goff,,,,France,,N,M,77,216,97,
William Sides,,,,United States,SMU,Y,M,78,,51,
Cameron Adam,,,,Scotland,NORTHWESTERN,Y,M,79,,111,35
Zach Kingsland,,,,United States,SMU,Y,M,80,,66,
Nathan Franks,,,,United States,SOUTH CAROLINA,Y,M,81,,52,24
Parker Bell,,,,United States,FLORIDA,Y,M,82,,162,
Peer Wernicke,,,,Germany,ARIZONA STATE,Y,M,83,,235,
Josh Duangmanee,,,,Thailand,VIRGINIA,Y,M,84,,185,
Nicholas Mathews,,,,United States,NC STATE,Y,M,85,,151,25
Ayoub Rzine,,,,Morocco,,N,M,86,,,
Bryan Kim,,,,United States,DUKE,Y,M,87,,67,
Gabriel Palacios Morataya,,,,Guatemala,UTAH,Y,M,88,,76,
Luke Poulter,,,,England,,N,M,89,,99,
Ratchanon Chantananuwat,,,,Thailand,STANFORD,Y,M,90,,54,
Luke Sample,,,,United States,DUKE,Y,M,91,,219,36
Scotty Kennon,,,,United States,WAKE FOREST,Y,M,92,,79,28
Matthew Comegys,,,,United States,TEXAS TECH,Y,M,93,,91,
Carlos Jesus Ardila Conde,,,,Colombia,,N,M,94,,406,
Jay Mendell,,,,United States,LSU,Y,M,95,,59,
Pongsapak Laopakdee,,,,Thailand,ARIZONA STATE,Y,M,96,,179,
Tom Fischer,,,,United States,OLE MISS,Y,M,97,,36,
Mesa Falleur,,,,United States,NEW MEXICO,Y,M,98,,49,
Kye Meeks,,,,United States,OLE MISS,Y,M,99,,65,27
Charlie Forster,,,,England,LONG BEACH STATE,Y,M,100,,50,38
Santiago Rivas Llano,,,,Colombia,,N,M,101,,,
Deven Patel,,,,United States,VIRGINIA,Y,M,102,,153,26
Alejandro Villavicencio,,,,Guatemala,,N,M,103,,,
Cohen Trolio,,,,United States,OLE MISS,Y,M,104,,200,
Wheaton Ennis,,,,United States,TEXAS A&M,Y,M,105,,56,
Matthew Troutman,,,,United States,OKLAHOMA,Y,M,106,,123,
Greyson Leach,,,,United States,OREGON,Y,M,107,,86,30
Justin Biwer,,,,United States,COLORADO,Y,M,108,,74,31
Matthew Dodd-Berry,,,,England,LSU,Y,M,109,,135,
Marshall Meisel,,,,United States,WAKE FOREST,Y,M,110,,132,33
Wang Ngai Shen,,,,"Hong Kong, China",,N,M,111,,498,
Maxwell Ford,,,,United States,NORTH CAROLINA,Y,M,112,,221,29
Segundo Oliva Pinto,,,,Argentina,,N,M,113,,,
Dylan McDermott,,,,United States,COLORADO,Y,M,114,,68,40
Wolfgang Glawe,,,,Germany,HOUSTON,Y,M,115,,93,45
Shubham Jaglan,,,,India,SOUTH FLORIDA,Y,M,116,,72,43
Omar Tejeira Jaen,,,,Panama,,N,M,117,,,
Ike Joy,,,,United States,,N,M,118,,,
Lev Grinberg,,,,Ukraine,,N,M,119,23,82,
Billy Davis,,,,United States,AUBURN,Y,M,120,,80,
Kihei Akina,,,,United States,,N,M,121,59,84,
John Lejirmar,,,,Kenya,,N,M,122,,,
Cooper Jones,,,,United States,BRIGHAM YOUNG,Y,M,123,,88,
Garrett Endicott,,,,United States,MISSISSIPPI STATE,Y,M,124,,77,
Charles Delong,,,,United States,TEXAS TECH,Y,M,125,,116,39
Zackary Swanwick,,,,New Zealand,,N,M,126,,,
Sergio Jimenez Romero,,,,Spain,UTAH,Y,M,127,,127,
Alfons Bondesson,,,,Sweden,LSU,Y,M,128,,89,
Sebastian Barnoya,,,,Guatemala,,N,M,129,,,
Chanachon Chokprajakchat,,,,Thailand,SAN DIEGO STATE,Y,M,130,,124,
Ziqin Zhou,,,,China,,N,M,131,,210,
Claes Thrane Borregaard,,,,Denmark,KENNESAW STATE,Y,M,132,,152,
Seb Cave,,,,England,CHARLOTTE,Y,M,133,,147,
Matthew Kress,,,,United States,FLORIDA,Y,M,134,,126,
Zac Jones,,,,United States,BRIGHAM YOUNG,Y,M,135,,118,34
Cole Ponich,,,,United States,BRIGHAM YOUNG,Y,M,136,,242,
Flavio Sameja,,,,Bolivia,,N,M,137,,,
Masato Sumiuchi,,,,Japan,,N,M,138,,131,
Michael Chuma,,,,Zambia,,N,M,139,,,
Christian Brand,,,,United States,,N,M,140,,,
Max Schliesing,,,,Switzerland,TEXAS EL PASO,Y,M,141,,159,
Louis Klein,,,,Czechia,,N,M,142,458,170,
Peter Kim,,,,United States,BRIGHAM YOUNG,Y,M,143,,157,
Ryan Eshleman,,,,United States,AUBURN,Y,M,144,,95,41
Evan Woosley-Reed,,,,United States,TENNESSEE,Y,M,145,,163,
Kristian Hjort Bressum,,,,Denmark,EAST TENNESSEE ST.,Y,M,146,,130,52
Andrew Bailey,,,,United States,,N,M,147,,101,
Kartik Singh,,,,India,,N,M,148,33,374,
Keaton Vo,,,,United States,NORTH CAROLINA,Y,M,149,,125,
Gaven Lane,,,,United States,OKLAHOMA STATE,Y,M,150,,119,
Tyler Watts,,,,United States,,N,M,151,8,71,
Felipe Garces Garzon,,,,Ecuador,,N,M,152,,,
Braxton Watts,,,,United States,UTAH,Y,M,153,,293,42
Richard Teder,,,,Estonia,,N,M,154,,492,
Matthew McClean,,,,Ireland,,N,M,155,,144,
Rintaro Nakano,,,,Japan,,N,M,156,,184,
Likius Nande,,,,Namibia,,N,M,157,,,
Aiden Krafft,,,,United States,OREGON,Y,M,158,,180,
Simon Kwon,,,,United States,,N,M,159,,,
Brady Siravo,,,,United States,PEPPERDINE,Y,M,160,,107,
Nathan Wang,,,,United States,STANFORD,Y,M,161,,138,
Noah Kent,,,,United States,IOWA,Y,M,162,,183,
Kyle An,,,,United States,UCLA,Y,M,163,,189,
Veer Ganapathy,,,,India,,N,M,164,,,
Anthony Delisanti,,,,United States,VALPARAISO,Y,M,165,,150,67
Rayhan Abdul Latief,,,,Indonesia,,N,M,166,,,
Henry Guan,,,,United States,,N,M,167,37,62,
Filip Fahlberg-Johnsson,,,,Sweden,OKLAHOMA STATE,Y,M,168,,302,
Niall Shiels Donegan,,,,Scotland,NORTHWESTERN,Y,M,169,,149,
Jackson Herrington,,,,United States,TENNESSEE,Y,M,170,,94,
Joshua Bai,,,,New Zealand,,N,M,171,,232,
Caolan Rafferty,,,,Ireland,,N,M,172,,307,
Jay Leng,,,,United States,STANFORD,Y,M,173,,121,
Clark Van Gaalen,,,,United States,OKLAHOMA,Y,M,174,,141,
Sam Easterbrook,,,,England,PURDUE,Y,M,175,,117,
Emilio Velez,,,,Colombia,,N,M,176,,,
Qasim Khan,,,,Pakistan,,N,M,177,,,
Gerardo Gomez,,,,Mexico,,N,M,178,,164,
Guo Hao,,,,China,,N,M,179,,,
Alejandro De Castro Piera,,,,Spain,LONG BEACH STATE,Y,M,180,,201,
Haoyi Wang,,,,China,,N,M,181,,,
Kent Hsiao,,,,Chinese Taipei,PURDUE,Y,M,182,,208,55
Kristoffer Kuvaas,,,,Norway,PEPPERDINE,Y,M,183,,246,
Adam Bresnu,,,,Morocco,ODESSA COLLEGE,Y,M,184,,187,
Asa Najib,,,,Indonesia,,N,M,185,,,
Grayson Wood,,,,United States,GEORGIA,Y,M,186,,105,
Tyler Kowack,,,,United States,SAN DIEGO STATE,Y,M,187,,196,
Gunnar Broin,,,,United States,KANSAS,Y,M,188,,98,
Albert Hansson,,,,Sweden,GEORGIA TECH,Y,M,189,,174,
Jackson Byrd,,,,United States,,N,M,190,2,110,
Cayden Pope,,,,United States,,N,M,191,,87,
Harley Smith,,,,England,,N,M,192,,214,
Matheus Balestrin,,,,Brazil,,N,M,193,,,
Kevin Christopher Jegers,,,,Estonia,,N,M,194,,285,
Tom Osborne,,,,England,,N,M,195,,269,
Ahmed Essalmi,,,,Morocco,,N,M,196,,,
Jakob Melin,,,,Sweden,WAKE FOREST,Y,M,197,,275,
Logan Reilly,,,,United States,,N,M,198,7,103,
STEPHEN CAMPBELL,,,,United States,OKLAHOMA,Y,M,199,,225,37
Alexis Leray,,,,France,,N,M,200,,287,
Jaime Montojo Fernandez,,,,Spain,,N,M,201,,,
Erich Fortlage Arce,,,,Paraguay,,N,M,202,,,
Baylor Larrabee,,,,United States,UCLA,Y,M,203,,188,
Jonathan Bale,,,,Wales,,N,M,204,,134,
Eric Doyle,,,,United States,OREGON,Y,M,205,,267,54
Michele Ferrero,,,,Italy,NC STATE,Y,M,206,,341,
Clay Merchent,,,,United States,INDIANA,Y,M,207,,364,
Daniel Faccini,,,,Colombia,,N,M,208,,,
Taishi Moto,,,,Japan,,N,M,209,,277,
Ibrahim Tarik Aslan,,,,Turkiye,,N,M,210,,,
Hi Tak Jeong,,,,Costa Rica,,N,M,211,,,
Finn Koelle,,,,Germany,WASHINGTON,Y,M,212,,237,
Michael Riebe,,,,United States,,N,M,213,5,78,
Sakke Siltala,,,,Finland,TEXAS STATE,Y,M,214,,296,
Vicente Quiroga Hinojosa,,,,Bolivia,,N,M,215,,,
William Love,,,,United States,DUKE,Y,M,216,,207,
Thomas Curry,,,,United States,ARKANSAS,Y,M,217,,213,
Cooper Claycomb,,,,United States,LOUISVILLE,Y,M,218,,155,
Michael Mays,,,,United States,FLORIDA STATE,Y,M,219,,223,
Michael Heidelbaugh,,,,United States,TEXAS A&M,Y,M,220,,160,50
William Walsh,,,,United States,PEPPERDINE,Y,M,221,,195,
Benjamin Fernandez,,,,Paraguay,,N,M,222,,,
Oscar Couilleau,,,,France,,N,M,223,,335,
Ryan Abuan,,,,United States,SAN DIEGO,Y,M,224,,168,
Yannick Malik,,,,Germany,EAST TENNESSEE ST.,Y,M,225,,282,
Freddie Turnell,,,,England,,N,M,226,,314,
Ajalawich Anantasethakul,,,,Thailand,,N,M,227,,,
Pablo Alperi Lopez,,,,Spain,,N,M,228,,329,
Johnny Walker,,,,United States,ARIZONA,Y,M,229,,261,51
Brandon Robison,,,,United States,UTAH,Y,M,230,,186,
Tomi Bowen,,,,Wales,,N,M,231,,315,
Juan Martin Loureiro,,,,Argentina,,N,M,232,,490,
Eduardo Matarazzo Affonso Ferreira,,,,Brazil,,N,M,233,,,
Josh Hill,,,,England,TENNESSEE,Y,M,234,,299,
Kale Fontenot,,,,United States,GEORGIA TECH,Y,M,235,,255,
Tianyi Xiong,,,,China,,N,M,236,,,
Josep Maria Serra Busquet,,,,Spain,,N,M,237,,344,56
Emil Riegger,,,,United States,,N,M,238,,,
Zihang Qiu,,,,China,,N,M,239,,,
Jones Free,,,,United States,ALABAMA,Y,M,240,,173,
Paul Beauvy,,,,France,IOWA STATE,Y,M,241,,171,
Bhumkit Pitchayasaowapak,,,,Thailand,,N,M,242,,,
Sean O'Donnell,,,,United States,,N,M,243,,,
Yu Min Hyeok,,,,Korea - Republic of,,N,M,244,,114,
Randy Arbenata Mohamad Bintang,,,,Indonesia,,N,M,245,,,
Liangliang Gu,,,,China,,N,M,246,247,,
Masayuki Yamashita,,,,Japan,,N,M,247,,286,
Thanawin Lee,,,,Thailand,,N,M,248,,,
Filippo Ponzano,,,,Italy,,N,M,249,,262,
Tomas Restrepo Jaramillo,,,,Colombia,,N,M,250,73,450,
Carson Herron,,,,United States,NEW MEXICO,Y,M,251,,206,44
Sadbhav Acharya,,,,Nepal,,N,M,252,,,
Thomas Georg Schmidt,,,,Germany,ARKANSAS STATE,Y,M,253,,133,
Xiangyun Bai,,,,China,,N,M,254,,,
Magnus Becker Frederiksen,,,,Denmark,,N,M,255,,401,
Reed Lotter,,,,United States,AUBURN,Y,M,256,,148,
Christoph Bleier,,,,Austria,COLORADO STATE,Y,M,257,,203,59
Guolin Zeng,,,,China,,N,M,258,,,
Andrew Swanson,,,,United States,CLEMSON,Y,M,259,,142,47
Juan Angel,,,,Colombia,,N,M,260,,,
Cooper Moore,,,,New Zealand,,N,M,261,,304,
Kaito Sato,,,,Japan,,N,M,262,,193,
Colin Prater,,,,United States,,N,M,263,,424,
Mousa Shana'ah,,,,Jordan,,N,M,264,,,
Nels Surtani,,,,United States,PURDUE,Y,M,265,,317,49
Marian Ludwig,,,,Germany,,N,M,266,,,
Le Khanh Hung,,,,Vietnam,,N,M,267,114,,
Yipu Wang,,,,China,,N,M,268,,,
Minsu Kim,,,,Korea - Republic of,,N,M,269,,100,
Brayden Lee,,,,Singapore,,N,M,270,,,
Martin Cancino,,,,Chile,,N,M,271,,,
Michael Flindt,,,,Denmark,,N,M,272,,,
Mateo Pulcini,,,,Argentina,,N,M,273,,,
Jordan Gilkison,,,,United States,KENT STATE,Y,M,274,,108,57
Nevill Ruiter,,,,Netherlands,COLLEGE OF CHARLESTON,Y,M,275,,358,
Mohammad Alrawashdeh,,,,Jordan,,N,M,276,,,
Carlos Astiazaran,,,,Mexico,PACIFIC,Y,M,277,,75,
Justin Matthews,,,,Canada,CHARLOTTE,Y,M,278,,205,
Zhi Li,,,,China,,N,M,279,,,
Harry Takis,,,,Australia,SAN DIEGO STATE,Y,M,280,,122,
Settawut Kenanan,,,,Thailand,,N,M,281,,,
Simon Hovdal,,,,Sweden,,N,M,282,,226,
Ugo Malcor,,,,France,MISSISSIPPI STATE,Y,M,283,,146,
Hampton Roberts,,,,United States,,N,M,284,,,
Bruce Murphy,,,,United States,TENNESSEE,Y,M,285,,260,
Tyler Isenhart,,,,United States,BAYLOR,Y,M,286,,306,
Garrett Risner,,,,United States,ELON,Y,M,287,,191,
Jaxon Dowell,,,,United States,OKLAHOMA,Y,M,288,,366,46
PJ MAYBANK,,,,United States,OKLAHOMA,Y,M,289,,256,
Will King,,,,United States,KANSAS,Y,M,290,,143,
Eliot Baker,,,,England,,N,M,291,,209,
Kaichen Xia,,,,China,,N,M,292,,,
Niilo Maki-Petaja,,,,Finland,LOUISIANA TECH,Y,M,293,,308,
Astin Wade Arthur,,,,South Africa,,N,M,294,,,
Harris Barth,,,,United States,FURMAN,Y,M,295,,259,
Agustin Tarigo,,,,Uruguay,,N,M,296,,,
Zenghao Hou,,,,China,,N,M,297,194,,
Joseph Cwinyaai,,,,Uganda,,N,M,298,,,
Lapassapon Liberto Heras-Gomez,,,,Thailand,,N,M,299,,,
Miguel Ordonez,,,,Panama,,N,M,300,,,
Miguel Reyes,,,,Uruguay,,N,M,301,,,
Sean Keeling,,,,Ireland,TEXAS TECH,Y,M,302,331,301,
Marcos Aurelio Negrini,,,,Brazil,,N,M,303,,,
Cooper Schultz,,,,United States,KANSAS STATE,Y,M,304,,238,61
Hanjie Yu,,,,China,,N,M,305,247,,
Juan Fernando Castellanos,,,,El Salvador,,N,M,306,,,
Sam Renner,,,,United States,WASHINGTON STATE,Y,M,307,,156,
Brantley Scott,,,,United States,,N,M,308,,166,84
Carter Loflin,,,,United States,GEORGIA,Y,M,309,,220,
Daniel Hayes,,,,England,,N,M,310,,181,
Jorge Andres Corchuelo Conde,,,,Colombia,,N,M,311,,,
Raul Carbonell,,,,Panama,,N,M,312,,,
Mao Matsuyama,,,,Japan,,N,M,313,,177,
Hector Gonzalez Cramer,,,,Mexico,,N,M,314,,,
Matteo Cristoni,,,,Italy,LITTLE ROCK,Y,M,315,,190,
Tyler Mawhinney,,,,United States,,N,M,316,15,137,
Andrew Sai Wah Chan,,,,"Hong Kong, China",,N,M,317,,,
Ho Anh Huy,,,,Vietnam,,N,M,318,,,
Numan Ilyas,,,,Pakistan,,N,M,319,,,
Koichiro Furuse,,,,Japan,,N,M,320,,120,
Charlie Box,,,,United States,,N,M,321,,402,
Zach Little,,,,England,CENTRAL ARKANSAS,Y,M,322,,230,
Ryan Ford,,,,United States,CINCINNATI,Y,M,323,,264,
Mason Snyder,,,,United States,LOYOLA MARYMOUNT UNIV.,Y,M,324,,249,
Robby Turnbull,,,,New Zealand,,N,M,325,107,353,
Dane Huddleston,,,,United States,UTAH VALLEY,Y,M,326,,102,
Riccardo Fantinelli,,,,Italy,PRINCETON,Y,M,327,,273,
Stephen Behr,,,,United States,,N,M,328,,281,
Carson Kim,,,,United States,GEORGIA TECH,Y,M,329,,294,
Pablo Juan Carrere,,,,Uruguay,,N,M,330,,,
Davis Johnson,,,,United States,UTAH,Y,M,331,,250,
Michael Mikus Vasquez,,,,Costa Rica,,N,M,332,,,
Nicholas Gross,,,,United States,ALABAMA,Y,M,333,,245,
Kelly Chinn,,,,United States,DUKE,Y,M,334,,247,53
Andrew Davidson,,,,Scotland,,N,M,335,,477,
Ryan Downes,,,,United States,VANDERBILT,Y,M,336,,254,
Nate McCoy,,,,United States,,N,M,337,,228,
Samuel Gonzalez Rivera,,,,Colombia,,N,M,338,,,
Zeqian Fang,,,,China,,N,M,339,,,
Lucca Mateo Buenrostro,,,,Mexico,,N,M,340,,,
Matt Roberts,,,,Wales,,N,M,341,,419,
Salem Alabdallat,,,,Jordan,,N,M,342,,,
Joshua Ryan,,,,United States,LIBERTY,Y,M,343,,290,
Nicklaus Mason,,,,United States,KANSAS STATE,Y,M,344,,218,60
Po-Cheng Hsu,,,,Chinese Taipei,,N,M,345,432,,
Jarno Tollenaire,,,,Belgium,,N,M,346,,391,
M H Chalitha Puspika,,,,Sri Lanka,,N,M,347,,,
Josphat Rono,,,,Kenya,,N,M,348,,,
Shea Lague,,,,United States,SAN DIEGO STATE,Y,M,349,,333,62
Anson Boon Xiang Yeo,,,,Malaysia,,N,M,350,,,
Zach Adams,,,,United States,,N,M,351,,113,
Andres Schonbaum,,,,Argentina,,N,M,352,,,
Kaiming Liu,,,,China,,N,M,353,,,
Carlos Alberto Trevino Derbez,,,,Mexico,,N,M,354,,,
Camden Smith,,,,United States,GEORGIA,Y,M,355,,325,
Jack Gilbert,,,,United States,TEXAS,Y,M,356,,336,
Leon Car,,,,Slovenia,,N,M,357,,,
Hussain Hamid,,,,Pakistan,,N,M,358,,,
Haohua Sun,,,,China,,N,M,359,,,
Stepan Plasek,,,,Czechia,,N,M,360,,,
Stefan Jacobs,,,,South Africa,AUGUSTA,Y,M,361,,382,
Davis Ovard,,,,United States,BAYLOR,Y,M,362,,423,
Xing Luo,,,,China,NORTH ALABAMA,Y,M,363,,323,
Brett Patterson,,,,United States,,N,M,364,,422,
Adel Taufiq Balala,,,,Kenya,,N,M,365,,,
Parin Sarasmut,,,,Thailand,,N,M,366,,467,
Cooper Smith,,,,United States,SOUTH FLORIDA,Y,M,367,161,253,89
Baron Szeto,,,,United States,CAL POLY,Y,M,368,,236,64
Luka Peterman,,,,Costa Rica,,N,M,369,,,
Jun Tian,,,,"Hong Kong, China",,N,M,370,,,
Malan Potgieter,,,,South Africa,LOUISIANA,Y,M,371,,106,
Max Lyons,,,,United States,MARQUETTE UNIVERSITY,Y,M,372,,215,74
Juan Vial,,,,Chile,,N,M,373,,,
Philip Kittoff,,,,Bulgaria,,N,M,374,,,
Kuangyu Chen,,,,Australia,CALIFORNIA,Y,M,375,,351,48
Shoon Kobayashi,,,,Japan,,N,M,376,,257,
Jay Pabin,,,,United States,,N,M,377,,375,
Chris Richards Jnr,,,,Trinidad and Tobago,,N,M,378,,,
John Broderick,,,,United States,VANDERBILT,Y,M,379,,392,
Ty Holbrook,,,,United States,COLORADO,Y,M,380,,284,
Christian Cavaliere,,,,United States,,N,M,381,,251,
Randy Haag,,,,United States,,N,M,382,,,
Jack Ingham,,,,Netherlands,,N,M,383,,451,
Aidan Thomas,,,,United States,NEW MEXICO STATE,Y,M,384,,216,
Zhengqian Li,,,,China,,N,M,385,86,,
Siwoo Park,,,,Korea - Republic of,,N,M,386,,,
Aidan Lawson,,,,Scotland,,N,M,387,,,
Reagan Akena,,,,Uganda,,N,M,388,,,
Scott Woltering,,,,Netherlands,,N,M,389,,432,
Qiyou Wu,,,,China,,N,M,390,,,
Jake Birdwell,,,,United States,ILLINOIS,Y,M,391,,227,
Bo Blanchard,,,,United States,MISSISSIPPI STATE,Y,M,392,,276,
Aaron Pounds,,,,United States,TEXAS A&M,Y,M,393,,222,
Farez Azihan,,,,Malaysia,,N,M,394,,,
Cristian Terceros,,,,Bolivia,,N,M,395,,,
Zach Heffernan,,,,United States,,N,M,396,,,68
Sungyeop Cho,,,,Korea - Republic of,COLORADO CHRISTIAN,Y,M,397,,252,
Jack Larkin,,,,United States,,N,M,398,,,
Nguyen Tuan Anh,,,,Vietnam,,N,M,399,,,
Conor Gough,,,,England,,N,M,400,,,63
Rodrigo Huerta,,,,Dominican Republic,,N,M,401,,,
Matthew Diehl,,,,United States,GRAND CANYON,Y,M,402,,297,
Jaemin Park,,,,Korea - Republic of,,N,M,403,,,
Mark Strickland,,,,United States,,N,M,404,,,
Clay Seeber,,,,United States,LONG BEACH STATE,Y,M,405,,346,
Luczak Konstanty,,,,Poland,,N,M,406,,,
Carson Brewer,,,,United States,FLORIDA STATE,Y,M,407,,337,
Timotej Formanek,,,,Czechia,,N,M,408,,,
Will Hartman,,,,United States,,N,M,409,12,197,
Jack Whaley,,,,England,,N,M,410,,,
Tom Haberer,,,,Germany,WAKE FOREST,Y,M,411,,438,
Luke Bailey,,,,United States,PEPPERDINE,Y,M,412,,368,
Hunter Swanson,,,,United States,COLORADO,Y,M,413,,310,
Kayun Mudadana,,,,Australia,,N,M,414,,178,
Zi Cheng Chi,,,,"Hong Kong, China",,N,M,415,,,
Billy Dowling,,,,Australia,,N,M,416,,172,
Daniel Heo,,,,Korea - Republic of,CALIFORNIA,Y,M,417,,482,
Shijun Jing,,,,China,,N,M,418,124,,
Dain Richie,,,,United States,MISSISSIPPI STATE,Y,M,419,,199,
Jose Antonio Safa,,,,Mexico,SOUTHERN CALIFORNIA,Y,M,420,,398,
Patrick Sparks A,,,,Peru,,N,M,421,,,
Khalil Al Moussaoui,,,,Morocco,,N,M,422,,,
Brad Nurski,,,,United States,,N,M,423,,480,
Samuel Duran Guardia,,,,Panama,,N,M,424,,,
Easton Johnson,,,,United States,LOUISVILLE,Y,M,425,,295,
Benjamin Chavez,,,,Bolivia,,N,M,426,,,
Tommaso Zorzetto,,,,Italy,GRAND CANYON,Y,M,427,,270,82
Luke Gutschewski,,,,United States,IOWA STATE,Y,M,428,,327,65
Troy Storm,,,,Singapore,,N,M,429,,,
Seonghyeon An,,,,Korea - Republic of,,N,M,430,,272,
Caleb Bond,,,,United States,FERRIS STATE,Y,M,431,,145,
Cody Paladino,,,,United States,,N,M,432,,485,
Eduardo Kuri,,,,Mexico,,N,M,433,,,
Carson Bertagnole,,,,United States,,N,M,434,9,158,
Xingzhi Lin,,,,"Hong Kong, China",,N,M,435,,,
Hudson Weibel,,,,United States,HOUSTON,Y,M,436,,175,
Jorge Luis Arzu Arrivillaga,,,,Guatemala,,N,M,437,,,
JOHN DALY,,,,United States,ARKANSAS,Y,M,438,,280,
Max Green,,,,United States,WEST VIRGINIA,Y,M,439,,339,58
Hashem Shana'ah,,,,Jordan,,N,M,440,,,
Sebastian Desoisa,,,,Gibraltar,,N,M,441,,,
Edison Wu,,,,Costa Rica,,N,M,442,,,
Amadeus Christian Susanto,,,,Indonesia,,N,M,443,,,
Jack Schoenberger,,,,United States,BELMONT,Y,M,444,,128,
Andrew Riley,,,,United States,NORTH FLORIDA,Y,M,445,,348,
Saad Malik,,,,Pakistan,,N,M,446,,,
Jenson Forrester,,,,England,PURDUE,Y,M,447,,345,
Timon Svetek Zgonec,,,,Slovenia,,N,M,448,,,
Nguyen Duc Son,,,,Vietnam,,N,M,449,,,
Jin Han,,,,China,,N,M,450,,,
Ethan Tseng,,,,United States,NORTHWESTERN,Y,M,451,,454,
Joseph Pagdin,,,,England,TCU,Y,M,452,,234,
Wang Yu-Chun,,,,Chinese Taipei,,N,M,453,,,
Sihan Sandhu,,,,United States,,N,M,454,,283,
Garrett Rank,,,,Canada,,N,M,455,,211,
Wilmer Edero,,,,Sweden,,N,M,456,,468,
Benjamin Partridge,,,,England,,N,M,457,,412,
Yang Kuang,,,,China,MARYLAND,Y,M,458,,466,
Vincent Chidambazina,,,,Zimbabwe,,N,M,459,,,
Bret Gray,,,,United States,SAM HOUSTON,Y,M,460,,202,72
Zilin Gao,,,,China,,N,M,461,,,
Ingtawan Wangrungwichaisri,,,,Thailand,,N,M,462,,,
Louis Mahakan,,,,Thailand,,N,M,463,,,
Guilherme Nunes Grinberg,,,,Brazil,,N,M,464,,,
Alexander Yang,,,,"Hong Kong, China",STANFORD,Y,M,465,,461,
George Langham,,,,United States,GEORGIA,Y,M,466,,342,
Ramiro Perez Orliacq,,,,Argentina,,N,M,467,,,
Bobby Massa,,,,United States,,N,M,468,,,
Veigar Heidarsson,,,,Iceland,,N,M,469,,,
Jake Lewis,,,,United States,,N,M,470,,169,
Luke Powell,,,,United States,UCLA,Y,M,471,,413,
Charlie Rusbridge,,,,England,,N,M,472,,,
Mason Howell,,,,United States,,N,M,473,10,104,
Cole Rueck,,,,United States,BOISE STATE,Y,M,474,,258,
Torey Edwards,,,,United States,,N,M,475,,,
Louis Anceaux,,,,France,ULM,Y,M,476,,241,
Sheng Wang,,,,China,,N,M,477,,,
Clark Akers,,,,United States,FURMAN,Y,M,478,,265,
Rakshit Dahiya,,,,India,,N,M,479,,,
Trey Marrion,,,,United States,ILLINOIS,Y,M,480,,425,
Jack Buchanan,,,,South Africa,SOUTHERN CALIFORNIA,Y,M,481,,411,
Kenneth Henson Sutianto,,,,Indonesia,,N,M,482,,,
Youssef El Hali,,,,Morocco,,N,M,483,,,
OSCAR VALDEMAR HOLM BREDKAER,,,,Denmark,SAN FRANCISCO,Y,M,484,,372,
Jacob Sosa,,,,United States,,N,M,485,,381,
Carlos Ernesto Rodriguez Martinez,,,,Colombia,,N,M,486,,,
Kian Rose,,,,South Africa,CLEMSON,Y,M,487,,434,75
Declan O'Donovan,,,,Australia,,N,M,488,,198,
Shinichi Suzuki,,,,Philippines,,N,M,489,,,
Juan Ignacio Dubra,,,,Argentina,,N,M,490,,,
Isaac Lee,,,,"Hong Kong, China",,N,M,491,,,
Wilhelm Ryding,,,,Sweden,SOUTH FLORIDA,Y,M,492,,268,
Zubair Firdaus,,,,Malaysia,,N,M,493,,,70
Mateo Gavilanes Garzon,,,,Ecuador,,N,M,494,,,
Rocco Salvitti,,,,United States,NOTRE DAME,Y,M,495,,347,
Keegan Shutt,,,,Zimbabwe,,N,M,496,476,,
Todd Duncan,,,,United States,WEST VIRGINIA,Y,M,497,,192,
Simon Roessler,,,,Chile,,N,M,498,,,
Adam Duncan,,,,United States,COLORADO CHRISTIAN,Y,M,499,,387,
R.J Shieh,,,,Chinese Taipei,,N,M,500,,,
Tyson Shelley,,,,United States,BRIGHAM YOUNG,Y,M,501,,393,
Joshua Hong,,,,Mexico,,N,M,502,,,
Sabah Hariri,,,,Serbia,,N,M,503,,,
Hugo Mazen Trommetter,,,,Morocco,SAM HOUSTON,Y,M,504,,303,
Doug Hanzel,,,,United States,,N,M,505,,,
Daniel Barbetti,,,,Argentina,,N,M,506,,418,
Mark Allen,,,,Australia,,N,M,507,,,
Hugo Thyr,,,,Sweden,SOUTH ALABAMA,Y,M,508,,298,
Jairo Hernandez,,,,Colombia,,N,M,509,,,
Marcel Fonseca Aguilar,,,,Spain,,N,M,510,,,
Anshul Mishra,,,,India,,N,M,511,,,
Trenton Mierl,,,,United States,,N,M,512,,417,
J Holland Humphries,,,,United States,SMU,Y,M,513,,458,
Chase Nevins,,,,United States,,N,M,514,,,
Ronin Banerjee,,,,United States,,N,M,515,6,240,
Cole Starnes,,,,United States,INDIANA,Y,M,516,,359,
Ethan Paschal,,,,United States,NORTH CAROLINA,Y,M,517,,291,
Leandro Mihaich,,,,Argentina,OKLAHOMA CHRISTIAN,Y,M,518,,360,
Kris Kim,,,,England,,N,M,519,,384,
Zihao Wang,,,,China,,N,M,520,,,
Matthew Sughrue,,,,United States,,N,M,521,,,
Spencer Harrison,,,,Australia,,N,M,522,,,
Jaden Soong,,,,United States,,N,M,523,66,330,
Minghao Shao,,,,China,,N,M,524,,,
Ivan Verster,,,,South Africa,,N,M,525,,,
Ben Bolton,,,,England,,N,M,526,,,
Alexandre Vandermoten,,,,France,JACKSONVILLE,Y,M,527,,312,
Nate Smith,,,,United States,,N,M,528,,194,
Zhang Zhang,,,,China,,N,M,529,,,
Lucas Augustsson,,,,Sweden,CLEMSON,Y,M,530,,318,
Peicheng Chen,,,,China,ST. JOHN'S,Y,M,531,,343,
Siwakorn Kriangkrai,,,,Thailand,,N,M,532,,,
Wyatt Provence,,,,United States,NEW MEXICO,Y,M,533,,363,
Thomas Higgins,,,,Ireland,,N,M,534,,,
Andrew Jarvis,,,,Cayman Islands,,N,M,535,,,
Ethan Wilson,,,,Canada,ILLINOIS,Y,M,536,,322,
Juan A Bolanos,,,,El Salvador,,N,M,537,,,
Matthis Lefevre,,,,France,,N,M,538,,,
Franco Ricciardelli,,,,Argentina,,N,M,539,,448,
Jason Duff,,,,United States,NORTH FLORIDA,Y,M,540,,373,81
Issa Abou el Ela,,,,Egypt,,N,M,541,,,
Hariz Hezri,,,,Malaysia,,N,M,542,,,
Zia Iqmal Abdul Rashid,,,,Malaysia,,N,M,543,,,
Teerawut Boonseeor,,,,Thailand,,N,M,544,,,
Hart Oskar Aoveer,,,,Estonia,,N,M,545,,,
Ralf Johan Kivi,,,,Estonia,,N,M,546,,,
Kobe Valociek,,,,United States,KANSAS STATE,Y,M,547,,356,69
Abdelghafour El Mansoury,,,,Morocco,,N,M,548,,,
Jingguo Cui,,,,China,,N,M,549,,,
Sam Jackson,,,,United States,,N,M,550,,271,
Josiah Hakala,,,,United States,,N,M,551,281,,
Will Davenport,,,,United States,,N,M,552,,481,
Lucca Gonzalez,,,,Panama,,N,M,553,,,
Marco De Nova,,,,Mexico,,N,M,554,,,
Yassin Benchrif,,,,Morocco,,N,M,555,,,
Richard Saunders,,,,Germany,,N,M,556,,,
Salman Jehangir,,,,Pakistan,,N,M,557,,,
Trevor Gutschewski,,,,United States,,N,M,558,13,,
Guus Lafeber,,,,Netherlands,,N,M,559,,,
Charl Barnard,,,,South Africa,EAST TENNESSEE ST.,Y,M,560,,464,
Bryan Hoops,,,,United States,,N,M,561,,,
Elvis Muigua Gatuhi,,,,Kenya,,N,M,562,,,
Chris Jhon Remata,,,,Philippines,,N,M,563,,,
Naoya Hayashida,,,,Japan,NIHON,Y,M,564,,449,
Yago Horno Mateo,,,,Spain,,N,M,565,,,
Raghav Gulati,,,,India,,N,M,566,,,
Parker Claxton,,,,United States,GEORGIA SOUTHERN,Y,M,567,,233,
Brady Smith,,,,United States,LOUISVILLE,Y,M,568,,365,
Bingwen Ma,,,,China,,N,M,569,,,
Dylan Teeter,,,,United States,TEXAS EL PASO,Y,M,570,,305,
Coby Carruthers,,,,Australia,,N,M,571,,403,
Rich Wills,,,,United States,,N,M,572,,,
Jonas Appel,,,,United States,BAYLOR,Y,M,573,,427,
Owen Coniaris,,,,United States,,N,M,574,153,,
Kelvin Hernandez,,,,Puerto Rico,,N,M,575,,,
JP Odland,,,,United States,SANTA CLARA,Y,M,576,,248,
Antoine Jasmin,,,,Canada,,N,M,577,,,
Mikulas Vojtesek,,,,Czechia,,N,M,578,,,
Chase Hughes,,,,United States,,N,M,579,28,229,
Wilber Jacob Alvarado,,,,El Salvador,,N,M,580,,,
Nate Stevens,,,,United States,NOTRE DAME,Y,M,581,,385,
Ben Gregg,,,,United States,TEXAS TECH,Y,M,582,,439,
Yihao Luo,,,,China,,N,M,583,,,
Alvaro Pastor Roman,,,,Spain,,N,M,584,,,
Garrett Engle,,,,United States,CHATTANOOGA,Y,M,585,,362,104
Guilherme Ziccardi,,,,Brazil,,N,M,586,,,
Junaid Ayaz Manji,,,,Kenya,,N,M,587,,,
Brycen Jones,,,,United States,GEORGIA SOUTHERN,Y,M,588,,266,
Ayoub Ssouadi,,,,Morocco,,N,M,589,,,
Guillermo Rothe,,,,Costa Rica,,N,M,590,,,
Ethan Klose,,,,United States,,N,M,591,,,
Ezequiel Cabrera,,,,Paraguay,,N,M,592,,,
Hamish Farquharson,,,,Australia,,N,M,593,,332,
Tegan Andrews,,,,United States,,N,M,594,,217,71
Panot Sukanant,,,,Thailand,,N,M,595,,,
Rhadames Pena,,,,Dominican Republic,,N,M,596,,,
Kolby Shackelford,,,,United States,,N,M,597,,,
Nicholas Prieto,,,,United States,ARIZONA STATE,Y,M,598,,430,
Matous Zach,,,,Czechia,,N,M,599,,,
Joshua Stewart,,,,United States,DAVIDSON COLLEGE,Y,M,600,,279,
Zandra Roye,,,,Jamaica,,N,M,601,,,
Jack Drury,,,,England,,N,M,602,,,
Jevahn Mikel Sathasivam,,,,Sri Lanka,,N,M,603,,,
Luke Honner,,,,United States,,N,M,604,,405,
Jye Halls,,,,Australia,,N,M,605,,357,
JL Dewan De Bruin,,,,South Africa,,N,M,606,,,
Alex Heffner,,,,United States,,N,M,607,,278,
Gabriel Vives,,,,Chile,,N,M,608,,,
Kaleb Wilson,,,,United States,WEST VIRGINIA,Y,M,609,,182,
Trinton Nobles,,,,United States,,N,M,610,,,
Gonzalo Gallegos Garcia,,,,Mexico,,N,M,611,,,
Anson Cabello,,,,United States,,N,M,612,,,
Jake Springer,,,,United States,TROY,Y,M,613,,212,86
Santiago Schele,,,,Chile,,N,M,614,,,
Jack Wieler,,,,United States,ELON,Y,M,615,,311,
Liam McEvoy,,,,Australia,,N,M,616,,,
Carl Hellat,,,,Estonia,,N,M,617,,,
Patton Samuels,,,,United States,AUSTIN PEAY STATE,Y,M,618,,244,
Parker Sands,,,,United States,,N,M,619,,309,
Jose Ignacio Monge,,,,Costa Rica,,N,M,620,,,
Ranveer Mitroo,,,,India,,N,M,621,,,
Edan Cui,,,,United States,,N,M,622,35,429,
Xavier Bighaus,,,,United States,COLORADO CHRISTIAN,Y,M,623,,416,
Bryan Newman,,,,South Africa,,N,M,624,,484,
Elly Barno,,,,Kenya,,N,M,625,,,
Stalian Daka,,,,Zambia,,N,M,626,,,
Tuna Sahin,,,,Turkiye,,N,M,627,,,
Kai Jun Huang,,,,Chinese Taipei,,N,M,628,,,
Aidan Tran,,,,United States,GEORGIA TECH,Y,M,629,,431,
Louis Moolman,,,,South Africa,,N,M,630,,474,
Mateo Payan,,,,Colombia,,N,M,631,,,
Kamil Bensouda,,,,Morocco,,N,M,632,,,
Uchitha Akash Ranasinghe,,,,Sri Lanka,,N,M,633,,,
Holt Allison,,,,United States,,N,M,634,,,
Joseph Lenane,,,,United States,NC STATE,Y,M,635,,370,
Matias Monasterio,,,,Bolivia,,N,M,636,,,
Rylan Johnson,,,,United States,OREGON STATE,Y,M,637,,442,
Scott Spark,,,,Scotland,,N,M,638,,,
Daiqian He,,,,China,,N,M,639,,,
Chi Chun Chen,,,,Chinese Taipei,HOUSTON,Y,M,640,,379,
Harrison Davis,,,,United States,MISSISSIPPI STATE,Y,M,641,,320,77
Laurenz Schiergen,,,,Germany,,N,M,642,,,110
Nicholas Xu,,,,"Hong Kong, China",,N,M,643,,,
Stephen Jensen,,,,England,,N,M,644,,,
Mattias Varjun,,,,Estonia,,N,M,645,,,97
Scott Roden,,,,United States,TCU,Y,M,646,,433,
Jansen Preston,,,,United States,KENTUCKY,Y,M,647,,328,90
Jacob Borow,,,,United States,HOUSTON,Y,M,648,,389,83
Jayawardana Dornan,,,,Indonesia,,N,M,649,,,
Dennis Mau-Ching Chan,,,,"Hong Kong, China",,N,M,650,,,
Pennson Badgett,,,,United States,,N,M,651,11,,
Joseph Deraney,,,,United States,,N,M,652,,,
Kamil Nowak,,,,Poland,,N,M,653,,,
Chase Oberle,,,,Australia,,N,M,654,,478,
Cheng-Wei Hsieh,,,,Chinese Taipei,,N,M,655,,,
Issam Nakrou,,,,Morocco,,N,M,656,,,
Mark Cadden,,,,Ireland,,N,M,657,,,
You Seong Choi,,,,Korea - Republic of,,N,M,658,,,
Javier Neira Garcia,,,,Spain,,N,M,659,,,
Charongrat Jitnavasathien,,,,Thailand,,N,M,660,,,
Jackson Davenport,,,,United States,WEST VIRGINIA,Y,M,661,,409,
Tom Bastow,,,,Wales,,N,M,662,,,
Logan Kim,,,,United States,,N,M,663,,,
Darlington Chikanyambidze,,,,Zimbabwe,,N,M,664,,,
Alvaro Portillo Navas,,,,Spain,,N,M,665,,,
Takrit Supagonchoowong,,,,Thailand,,N,M,666,,,
Warut Boonrod,,,,Thailand,,N,M,667,247,,
Manuel Lozada,,,,Argentina,,N,M,668,,,
Keigo Takehara,,,,Japan,,N,M,669,,390,
Javier Correa,,,,Ecuador,,N,M,670,,,
Raul Gomez Montalva,,,,Spain,,N,M,671,,,
Luke Brandler,,,,"Hong Kong, China",,N,M,672,74,,
Dennis Bull,,,,United States,,N,M,673,,,
Aidan Kramer,,,,United States,,N,M,674,,,76
Bruno Tostado,,,,Mexico,,N,M,675,,,
Supat Singkhajohn,,,,Thailand,,N,M,676,,,
Roelof Craig,,,,South Africa,,N,M,677,,460,
Anton von L Estocq,,,,Germany,,N,M,678,,,
Cem Baspinar,,,,Turkiye,,N,M,679,,,
Hsuan-Yi Chen,,,,Chinese Taipei,,N,M,680,,,
Mark Stockdale,,,,England,CENTRAL ARKANSAS,Y,M,681,,489,
Matthew Lowe,,,,United States,,N,M,682,,,
Keshav Mungali,,,,United States,SAN JOSE STATE,Y,M,683,,326,
Johan Bredenkamp,,,,South Africa,,N,M,684,,,
Kristof Panke,,,,United States,"WYOMING, U. OF",Y,M,685,,414,
Alejandro Caraballo,,,,Puerto Rico,,N,M,686,398,,
Bjorn Driessen,,,,Netherlands,,N,M,687,,,
Lewy Hayward,,,,England,,N,M,688,,426,
Andreas Roman,,,,Romania,,N,M,689,,,
Octave Bailo,,,,France,,N,M,690,,,
Liam Bryden,,,,Trinidad and Tobago,,N,M,691,,,
Loran Appel,,,,Netherlands,,N,M,692,,,
Charlie Berridge,,,,United States,CALIFORNIA,Y,M,693,,435,
Bailey Sutter,,,,United States,,N,M,694,54,400,
Chujing Su,,,,China,,N,M,695,,,
Johndre Ludick,,,,South Africa,,N,M,696,,,
Noah Kumar,,,,United States,RUTGERS,Y,M,697,,497,99
Edouard Cereto,,,,France,,N,M,698,,,
Collin Adams,,,,United States,WAKE FOREST,Y,M,699,,496,88
Nolan Harper,,,,United States,,N,M,700,,,
Dan Sullivan,,,,United States,,N,M,701,,,
Andrew Yap,,,,Malaysia,,N,M,702,,,
Jun Hee Choi,,,,Korea - Republic of,,N,M,703,,,
Martin Sandoval,,,,Chile,,N,M,704,,,
Nicholas Teuten,,,,Uruguay,,N,M,705,,,
Thammachat Chaivivat,,,,Thailand,,N,M,706,,,
Yixiang Wang,,,,China,,N,M,707,,444,
Seth Bearden,,,,United States,MIDWESTERN STATE,Y,M,708,,334,
Ligang Li,,,,China,,N,M,709,,,
Viktor Kofod-Olsen,,,,Denmark,,N,M,710,,,
Jinheng Yan,,,,China,,N,M,711,211,,
Mads Heller,,,,Denmark,,N,M,712,,,
Reshan Akash Algama,,,,Sri Lanka,,N,M,713,,,
Facundo Moraga,,,,Chile,,N,M,714,,,
Diane Percy Lucas,,,,Botswana,,N,M,715,,,
Michael Vick,,,,United States,NC STATE,Y,M,716,,437,73
Jordan Jones,,,,New Zealand,,N,M,717,,,
Shepherd Chiwaya,,,,Zimbabwe,,N,M,718,,,
Rylan Shim,,,,United States,FLORIDA,Y,M,719,,395,
Mischa Candinas,,,,Switzerland,,N,M,720,,,
Trevor Lewis,,,,United States,UNLV,Y,M,721,,465,78
Andres A Martinez B,,,,Venezuela,,N,M,722,,,
Markus Varjun,,,,Estonia,MIDDLE TENNESSEE ST.,Y,M,723,,499,
Harman Sachdeva,,,,India,,N,M,724,,,
Elias Haavisto,,,,Finland,,N,M,725,,428,
David Charles Serdenia,,,,Philippines,,N,M,726,,,
Igor Cruz,,,,Brazil,,N,M,727,,,
Joshua Hess,,,,Switzerland,,N,M,728,286,,
Stijn Egging,,,,Netherlands,,N,M,729,,,
Jackson Mitchell,,,,United States,,N,M,730,,,
Fernando Augusto Silva,,,,Brazil,,N,M,731,,,
Zhengda Li,,,,China,,N,M,732,258,,
Gabriel Hansel Hari,,,,Indonesia,,N,M,733,,,
Joachim Larsen Tegner,,,,Norway,CAMPBELL,Y,M,734,,352,
Tristan Jefferson Lim Padilla,,,,Philippines,,N,M,735,,,
Jakub Hejlek,,,,Czechia,,N,M,736,,,
Matt Robles,,,,United States,SANTA CLARA,Y,M,737,,224,
Jack Jerge,,,,United States,SOUTHERN CALIFORNIA,Y,M,738,,407,
Daniel Choi,,,,United States,DUKE,Y,M,739,,289,
Ismael Encinas,,,,Mexico,,N,M,740,,,
Logi Sigurdsson,,,,Iceland,,N,M,741,,,
Jeronimo Esteve,,,,Puerto Rico,,N,M,742,,483,
Lukas Michel,,,,Australia,,N,M,743,,471,
Miles McConnell,,,,Canada,,N,M,744,,,
James Jay Gould Healy,,,,Ireland,,N,M,745,,,
Homero De Toledo Sobrinho,,,,Brazil,,N,M,746,,,
Noa Auch-Roy,,,,France,,N,M,747,,,
Gustavo Giacometti,,,,Brazil,,N,M,748,,,
Cj Van Wyk,,,,South Africa,,N,M,749,,,109
Nick Maccario,,,,United States,,N,M,750,,,
James Lavender,,,,Australia,,N,M,751,,,
Chris Kamin,,,,United States,,N,M,752,,361,
Mark Neeley,,,,United States,,N,M,753,,,
Yannik Kumara,,,,Sri Lanka,,N,M,754,,,
Supapon Amornchaichan,,,,Thailand,,N,M,755,,,
Tianchang Zhang,,,,China,,N,M,756,,,
Henru Walters,,,,South Africa,,N,M,757,,,
Anhe Gong,,,,China,,N,M,758,,,
Nejc Cop Tomsic,,,,Slovenia,,N,M,759,,,
Jostin Aldahir Mendez Lopez,,,,Mexico,,N,M,760,,,
Will Davis,,,,United States,DAVIDSON COLLEGE,Y,M,761,,371,85
Huayi Xie,,,,China,,N,M,762,,,
Ryan Griffin,,,,Ireland,,N,M,763,,,
Jack Chung,,,,United States,,N,M,764,172,,
Angelo Marcon,,,,United States,,N,M,765,,,
Seunggu Kang,,,,Korea - Republic of,,N,M,766,,479,
Jacob Lang,,,,United States,,N,M,767,,,
Sohan Patel,,,,United States,,N,M,768,30,109,
John Wild,,,,United States,,N,M,769,,,
Joe Wilson,,,,United States,OHIO STATE,Y,M,770,,376,
Brady Kaufmann,,,,United States,,N,M,771,,394,
Lander Lee,,,,"Hong Kong, China",,N,M,772,,,
Alberto Dominguez Avila,,,,Spain,,N,M,773,,,
Luca Gallingani,,,,Argentina,,N,M,774,,,
Benjamin Baker,,,,United States,,N,M,775,18,,
Topi Lindstrom,,,,Finland,,N,M,776,,,
Andrej Chochol,,,,Slovakia,,N,M,777,,,
Jacob Beckman,,,,United States,WISCONSIN,Y,M,778,,399,
Perry Josef Bucay,,,,Philippines,,N,M,779,,,
Javier Santolaya,,,,Chile,,N,M,780,,,
Isaiah Ibit,,,,Canada,,N,M,781,,440,
Drew Coble,,,,United States,GRAND VALLEY STATE,Y,M,782,,436,
Patrick Adler,,,,United States,,N,M,783,,,87
Binaghi Giovanni,,,,Italy,,N,M,784,,,
Jimmy Ellis,,,,United States,,N,M,785,,139,
Connor McNeely,,,,United States,,N,M,786,,,
Gregor Tait,,,,Scotland,,N,M,787,,,
Jakob Lotschak,,,,Austria,,N,M,788,,,
Ross Laird,,,,Scotland,,N,M,789,,,
Brock Healy,,,,United States,SOUTH FLORIDA,Y,M,790,,354,
Filippo Serra,,,,Switzerland,,N,M,791,,,
Carson Enright,,,,United States,SAN DIEGO,Y,M,792,,491,
Gudjon Frans Halldorsson,,,,Iceland,,N,M,793,,,
Sebastian Gamboa,,,,Mexico,FLORIDA GULF COAST U,Y,M,794,,420,
Xzavier Wiggins,,,,Barbados,,N,M,795,,,
Denny Kloeth,,,,Netherlands,,N,M,796,,494,
Krishnav Nikhil Chopraa,,,,India,LONG BEACH STATE,Y,M,797,,415,
Gabriel Dulon-Villoslada,,,,France,,N,M,798,,,
Dawson Lew,,,,Canada,,N,M,799,27,487,
Wiss Jittathorn,,,,Thailand,,N,M,800,,,
Drew Wilson,,,,United States,MISSISSIPPI STATE,Y,M,801,,463,
Lucas Gimenez,,,,United States,,N,M,802,36,404,
Max Brenchley,,,,United States,BRIGHAM YOUNG,Y,M,803,,462,
Santiago Russi Santa,,,,Colombia,,N,M,804,,,
Pablo Hernandez,,,,Guatemala,,N,M,805,,,
Renato Naula,,,,Ecuador,,N,M,806,,,
Guillermo Javier Farias Villarreal,,,,Mexico,,N,M,807,,,
Felipe Gomez Diaz,,,,Spain,,N,M,808,,500,
Nixon Lauritzen,,,,United States,GRAND CANYON,Y,M,809,,369,
Vaughn Harber,,,,United States,OHIO STATE,Y,M,810,,377,
Will Morlan,,,,United States,FURMAN,Y,M,811,,383,93
Rodrigo Vazquez Colina,,,,Mexico,,N,M,812,,,
Giles Hobday,,,,Cayman Islands,,N,M,813,,,
Joe Lyons,,,,Ireland,,N,M,814,,,
Tom Mao,,,,Switzerland,,N,M,815,,,
John Daniel Culbreth,,,,United States,,N,M,816,14,288,
Noah McWilliams,,,,United States,,N,M,817,,,
Sangha Park,,,,Korea - Republic of,COLORADO CHRISTIAN,Y,M,818,,338,
Bowen Mauss,,,,United States,,N,M,819,195,355,
Mario Maya Benatuil,,,,Venezuela,,N,M,820,,,
Enrique Javier Llaguno Elizondo,,,,Mexico,,N,M,821,,,
Collins Trolio,,,,United States,OLE MISS,Y,M,822,,316,
Matias Calderon,,,,Guatemala,,N,M,823,,,
Kai Komulainen,,,,Australia,,N,M,824,,486,
Colm Campbell,,,,Ireland,,N,M,825,,,
Daniil Sokolov,,,,Qatar,,N,M,826,,,
Kevin VandenBerg,,,,United States,,N,M,827,,,
Jessy Huebner,,,,United States,,N,M,828,19,140,
Pongpanot Jeenakul,,,,Thailand,,N,M,829,,,
Arthur Estas,,,,Belgium,,N,M,830,,,
Maximilian Puregger,,,,Austria,,N,M,831,,,
Roberto Terrazas De La Cerda,,,,Mexico,,N,M,832,,,
Samuel Tandy,,,,United States,,N,M,833,,,
Markus Lam,,,,"Hong Kong, China",,N,M,834,,,
Jon Brown,,,,United States,,N,M,835,,,
Musamba Kapoma Jnr,,,,Zambia,,N,M,836,,,
Sukhman Singh,,,,India,,N,M,837,,,
Veikka Viskari,,,,Finland,,N,M,838,,,
Martin Ramirez Valencia,,,,Colombia,,N,M,839,,,
Maverick Chua,,,,Malaysia,,N,M,840,,,
Trevor Cunningham,,,,Thailand,,N,M,841,,,
Jimmy Dales,,,,United States,,N,M,842,,,
Manuel Jose Merizalde P,,,,Colombia,,N,M,843,,,
Cooper Humphreys,,,,Canada,SAN DIEGO,Y,M,844,,313,
Byungho Lee,,,,Korea - Republic of,,N,M,845,,,
Jager Pain,,,,Canada,,N,M,846,69,,
Theodore Pradjoto Citoputra Tan,,,,Indonesia,,N,M,847,,,
Brandon Knight,,,,United States,,N,M,848,,,
Rafael Abad,,,,Venezuela,,N,M,849,,,
Raja Muhammad Israr,,,,Pakistan,,N,M,850,,,
Jonatan Hernandez,,,,Guatemala,,N,M,851,,,
Nils-Levi Bock,,,,Germany,,N,M,852,,,
Richard Gibson,,,,Bahamas,,N,M,853,,,
Jonathan Larson,,,,United States,,N,M,854,,,
Marek Smerda,,,,Czechia,,N,M,855,,,
Doan Uy,,,,Vietnam,,N,M,856,,,
Safouane Diker,,,,Morocco,,N,M,857,,,
Dylan Oyama,,,,United States,SAN DIEGO STATE,Y,M,858,,445,
Jorge Siyuan Hao,,,,Spain,,N,M,859,,,
Tomi Bezensek,,,,Slovenia,,N,M,860,,,
Gaspar Glaudas,,,,France,,N,M,861,,,
David Chavez,,,,United States,,N,M,862,,,
Ti Fox,,,,Australia,,N,M,863,,,
Mengyang Li,,,,China,,N,M,864,,,
Tim Hogarth,,,,United States,,N,M,865,,,
Joseph Kasozi,,,,Uganda,,N,M,866,,,
Vladimir Orlov,,,,Unknown,,N,M,867,,,
Arnoldo Calvo,,,,Costa Rica,,N,M,868,,,
Ivan Enguita Alonso,,,,Spain,,N,M,869,,,
Taisei Nagasaki,,,,Japan,,N,M,870,,243,
Trey Diehl,,,,United States,FURMAN,Y,M,871,,456,95
Ivan Barahona,,,,United States,SAN JOSE STATE,Y,M,872,,493,
Nicolas Lima,,,,Brazil,,N,M,873,,,
Liam Pasternak,,,,United States,,N,M,874,77,,
Jordan Wilson,,,,United States,CENTRAL OKLAHOMA,Y,M,875,,476,
Rick Stimmel,,,,United States,,N,M,876,,,
Connor Reis,,,,United States,ST. MARY'S (CA),Y,M,877,,386,94
Tanaka Chatora,,,,Zimbabwe,,N,M,878,,,
Elias Cocheteux,,,,France,,N,M,879,,,
Gavin O'Neill,,,,Ireland,,N,M,880,,,
Mohamed Baouhamou,,,,Morocco,,N,M,881,,,
Zachary Sagayaga,,,,United States,,N,M,882,,,
Ethan Gao,,,,United States,,N,M,883,,,
Stephanus Bonifatius,,,,Namibia,,N,M,884,,,
Max Moring,,,,Australia,,N,M,885,,473,
Daniel Zou,,,,United States,,N,M,886,,331,
Simon Haas,,,,Germany,,N,M,887,,,
Caden Baker,,,,United States,,N,M,888,,,80
William Odek,,,,Kenya,,N,M,889,,,
Marek Fleming,,,,United States,,N,M,890,,446,
Biagio Andrea Gagliardi,,,,Italy,FLORIDA ATLANTIC,Y,M,891,,457,
Pablo Mata,,,,Mexico,,N,M,892,,,
Jack Murphy,,,,Ireland,,N,M,893,,,
Juan Leon Obrecht,,,,Chile,,N,M,894,,,
Johan Widal,,,,Sweden,MARQUETTE UNIVERSITY,Y,M,895,,324,
Harry Crockett,,,,England,,N,M,896,,,
Pedro Garcia Armenteros,,,,Spain,,N,M,897,,,
Chase Kyes,,,,United States,,N,M,898,21,129,
Putera Haikal Hakeem,,,,Malaysia,,N,M,899,,,
Mads Viemose Larsen,,,,Denmark,,N,M,900,,,
Ricky Kang,,,,New Zealand,,N,M,901,,,
Luke Jenkins,,,,England,,N,M,902,,239,
Connor Brown,,,,United States,,N,M,903,,469,
Kanichiro Katano,,,,Japan,,N,M,904,,,
Tiago Ledgard,,,,Peru,,N,M,905,,,
Gael Ormachea,,,,Bolivia,,N,M,906,,,
Jose Berenguel,,,,Spain,,N,M,907,,,
Thanatasorn Supinraj,,,,Thailand,,N,M,908,,,
William Justin Wijaya,,,,Indonesia,,N,M,909,,,
Kyle Haas,,,,United States,,N,M,910,,,
John Kamaisi,,,,Kenya,,N,M,911,,,
Kentaro Nanayama,,,,Indonesia,,N,M,912,,,
Jocimario Souza,,,,Brazil,,N,M,913,,,
Mike Dunne,,,,Panama,,N,M,914,,,
Yung-Cheng (Miko) Lo,,,,Chinese Taipei,,N,M,915,,,
Chase Walts,,,,United States,,N,M,916,,,
Joshua Koo,,,,United States,,N,M,917,,,
Drew Warford,,,,United States,,N,M,918,,,
Amine Al Moussaoui,,,,Morocco,,N,M,919,,,
Jaden Cantafio,,,,Italy,,N,M,920,,,
Vedant Sirohi,,,,India,,N,M,921,,,
Trevor Algya,,,,United States,,N,M,922,,,
Luca Jerome Herb,,,,Germany,,N,M,923,,,
Gavin Aurilia,,,,United States,SOUTHERN CALIFORNIA,Y,M,924,,443,79
Tino Flores,,,,El Salvador,,N,M,925,,,
Bobe Salahog,,,,Philippines,,N,M,926,,,
Alfie Ward,,,,Australia,,N,M,927,,,
Felipe Suarez,,,,Argentina,,N,M,928,,,
Christian Figueredo,,,,Panama,,N,M,929,,300,
Elliot Han Monteremal,,,,France,,N,M,930,,,
Cedric Otten,,,,Germany,,N,M,931,,,
Wesley Gabriel Bairros,,,,Brazil,,N,M,932,,,
Camden Braidech,,,,United States,,N,M,933,,,
Matthew Wilkinson,,,,United States,,N,M,934,,,
Oshae Haye,,,,Jamaica,,N,M,935,,,
Enrique Valverde,,,,Dominican Republic,,N,M,936,,,
Clemente Silva,,,,Chile,,N,M,937,,,
Kiko Francisco Coelho,,,,Portugal,,N,M,938,,,
Chong-han Liao,,,,Chinese Taipei,,N,M,939,,,
Andrew Ferworn,,,,United States,,N,M,940,,452,
Yunmeng Miao,,,,China,,N,M,941,,,
Krish Chawla,,,,India,,N,M,942,,,
Andy Robb,,,,Canada,,N,M,943,,,
Joaquin Sandoval,,,,Chile,,N,M,944,,,
Karel Marik,,,,Czechia,,N,M,945,,,
Hongtao Gu,,,,China,,N,M,946,375,,
Jake Griffin,,,,United States,PENN STATE,Y,M,947,,441,100
Muhammad Shoaib,,,,Pakistan,,N,M,948,,,
William Svanstrom,,,,Sweden,,N,M,949,,,
Oscar Lent,,,,England,,N,M,950,,,
Luke Stennett,,,,United States,,N,M,951,,,
Tianwei (Alex) Zhuo,,,,"Hong Kong, China",,N,M,952,,,
Sebastiano Moro,,,,Italy,,N,M,953,,,
Jerseem Boodram,,,,Trinidad and Tobago,,N,M,954,,,
Tony Yin,,,,France,,N,M,955,,,
Afonso Rui Oliveira,,,,Portugal,,N,M,956,,,
Chi Yeung Michael Yuen,,,,"Hong Kong, China",,N,M,957,,,
Markus Habeler,,,,Austria,,N,M,958,,,
Matias Masar,,,,Slovakia,,N,M,959,,,
Alejandro Rivas,,,,Venezuela,,N,M,960,,,
Judd Sundelson,,,,South Africa,,N,M,961,,,
Xuan Luo,,,,China,,N,M,962,,,
William Duquette,,,,Canada,,N,M,963,,455,
Ian Maspat,,,,United States,,N,M,964,,,
Takumi Kobayashi,,,,Japan,,N,M,965,,472,
Brock Blais,,,,United States,SOUTH CAROLINA,Y,M,966,,453,
Justin Kuk,,,,Singapore,,N,M,967,,,
Cole Beyer,,,,United States,,N,M,968,,,
Markus Luoma,,,,Finland,,N,M,969,,,
Alejandro Alonso,,,,Mexico,,N,M,970,,,101
Mateo Castro Suarez,,,,Colombia,,N,M,971,,,
Connor Fewkes,,,,Australia,,N,M,972,,,
Nikola Bojanic,,,,Serbia,,N,M,973,,,
Shahmeer Maajid,,,,Pakistan,,N,M,974,,,
Ollie Marsh,,,,Australia,,N,M,975,,,
Dylan Shaw-Radford,,,,England,,N,M,976,,,
Cole Ekert,,,,United States,RICHMOND,Y,M,977,,388,
Stanley Lin,,,,Chinese Taipei,,N,M,978,,,
Carlos Sacre,,,,Panama,,N,M,979,,,
Asher Vargas,,,,United States,,N,M,980,3,,
Jack Marcotte,,,,United States,UNCG,Y,M,981,,319,
Christopher Wheeler,,,,United States,,N,M,982,,470,
Tunc Aslan,,,,Turkiye,,N,M,983,,,
Drue Nicholas,,,,United States,DREXEL,Y,M,984,,408,
Jacobo Cestino,,,,Spain,,N,M,985,,,
Ramiro Acevedo,,,,Argentina,,N,M,986,,,
Bradford Tilley,,,,United States,,N,M,987,,397,
Phattarapol Ongla,,,,Thailand,,N,M,988,,,
Blake Phillips,,,,Australia,,N,M,989,,,
William Tang,,,,"Hong Kong, China",,N,M,990,,,
Javier Delgadillo,,,,Mexico,,N,M,991,,,
Bob Royak,,,,United States,,N,M,992,,,
Jack Beauchamp,,,,United States,,N,M,993,,,
Michael Wallace,,,,Zimbabwe,,N,M,994,,,
Wyatt Plattner,,,,United States,,N,M,995,,,
Edwin Askerfors,,,,Sweden,,N,M,996,,,
Dang Long Michael Pham,,,,Vietnam,,N,M,997,,,
Wasuwarich Sirasuphakorn,,,,Thailand,,N,M,998,,,
Jack Tarzy,,,,United States,,N,M,999,,,
Joseph Lloyd,,,,United States,,N,M,1000,,,91
Giuseppe Puebla,,,,,,N,,,16,,
Hamilton Coleman,,,,,,N,,,17,,
Jake Albert,,,,,,N,,,20,,
Evan Liu,,,,,,N,,,22,,
Arrow Aarav Shah,,,,,,N,,,24,,
Tyler Sanford,,,,,,N,,,25,,
Cole Stockard,,,,,,N,,,26,,
Sterling Hurd,,,,,,N,,,29,,
Brooks Simmons,,,,,,N,,,31,,
Alex Zhang,,,,,,N,,,32,,
Joshua Kim,,,,,,N,,,34,,
Lunden Esterline,,,,,,N,,,39,,
Talan Harrison,,,,,,N,,,40,,
Jon Ed Steed,,,,,,N,,,41,,
Nicholas Canitano,,,,,,N,,,42,,
Grayson Baucom,,,,,,N,,,43,,
Cameron Kuchar,,,,,,N,,,44,,
William Lisle,,,,,,N,,,45,,
Phillip Dunham,,,,,,N,,,46,,
Kailer Stone,,,,,,N,,,47,,
Willie Gordon,,,,,,N,,,48,,
Brooks Colton,,,,,,N,,,49,,
Aadi Parmar,,,,,,N,,,50,,
Tyler Long,,,,,,N,,,51,,
Ayden Fynaut,,,,,,N,,,52,,
Jackson Ormond,,,,,,N,,,53,,
Drew Woolworth,,,,,,N,,,55,,
Brandon Sipe,,,,,,N,,,56,,
Davis Wotnosky,,,,,,N,,,57,,
Kuan Zhou,,,,,,N,,,58,,
Preston Hage,,,,,,N,,,60,,
Peyton Smith,,,,,,N,,,61,,
Ethan Elleraas,,,,,,N,,,62,,
Tucker Gutierrez,,,,,,N,,,63,,
Hampton Beebe,,,,,,N,,,64,,
Joshua Wang,,,,,,N,,,65,,
Brady Rapp,,,,,,N,,,67,,
Jaxon Bandelier,,,,,,N,,,68,,
Drake Harvey,,,,,,N,,,70,,
Alejandro Formosa,,,,,,N,,,71,,
Morgan Riley,,,,,,N,,,72,,
Cameron Phillips,,,,,,N,,,75,,
Arth Sinha,,,,,,N,,,76,,
Talon Dingledine,,,,,,N,,,78,,
Luke Gossett,,,,,,N,,,79,,
Luke Smith,,,,,,N,,,80,,
Austin Le,,,,,,N,,,81,,
Rory Asselta,,,,,,N,,,82,,
Austin Perkins,,,,,,N,,,83,,
Mingbo Jiang,,,,,,N,,,84,,
Pavel Tsar,,,,,,N,,,85,,
Blake Brown,,,,,,N,,,86,,
Jack Denery,,,,,,N,,,88,,
Eddie Gu,,,,,,N,,,89,,
Cayse Morgan,,,,,,N,,,90,,
Owen Bolles,,,,,,N,,,91,,
Jordan Hwang,,,,,,N,,,92,,
Charles Cauthen,,,,,,N,,,93,,
Nathan Miller,,,,,,N,,,94,,
Finn Meister,,,,,,N,,,95,,
Jesse Hand,,,,,,N,,,96,,
Nicholas Logis,,,,,,N,,,97,,
Samuel Gonzalez,,,,,,N,,,98,,
Benjamin Wang,,,,,,N,,,99,,
Chase Blaser,,,,,,N,,,100,,
Kent Karlstrom,,,,,,N,,,101,,
Brooks Harper,,,,,,N,,,102,,
Jaspreet Kondal,,,,,,N,,,103,,
Chase Jerome,,,,,,N,,,104,,
Rawson Hardy,,,,,,N,,,105,,
Adam Anderson,,,,,,N,,,106,,
Richard Ding,,,,,,N,,,108,,
Luke Balaskiewicz,,,,,,N,,,109,,
Landon Ashcraft,,,,,,N,,,110,,
Reed Arnaldo,,,,,,N,,,111,,
Miles Kuhl,,,,,,N,,,112,,
William Chang,,,,,,N,,,113,,
Emerson Majma,,,,,,N,,,115,,
Yunze Wang,,,,,,N,,,116,,
Carter Gaede,,,,,,N,,,117,,
Toku Fujiwara,,,,,,N,,,118,,
Dylan Takenaga,,,,,,N,,,119,,
Mack Edwards,,,,,,N,,,120,,
Alexander Zhang,,,,,,N,,,121,,
Reese Roberts,,,,,,N,,,122,,
Jackson Skinner,,,,,,N,,,123,,
Brady Barnum,,,,,,N,,,125,,
Ben Lathrop,,,,,,N,,,126,,
Tristan Wieland,,,,,,N,,,127,,
Jordan Brown,,,,,,N,,,128,,
Max Emberson,,,,,,N,,,128,,
Kaden Puranik,,,,,,N,,,130,,
Bennett Warren,,,,,,N,,,131,,
Duotian Xia,,,,,,N,,,132,,
Aaron Cummins,,,,,,N,,,133,,
Graham Christopher,,,,,,N,,,134,,
Sam Udovich,,,,,,N,,,135,,
Matthew Hull,,,,,,N,,,136,,
William Cui,,,,,,N,,,137,,
Bradford Lacefield,,,,,,N,,,138,,
Noah Scavo,,,,,,N,,,139,,
Coltrane Mittag,,,,,,N,,,140,,
Daniel Ferguson,,,,,,N,,,141,,
Jayden Lizama,,,,,,N,,,142,,
Shiv Parmar,,,,,,N,,,143,,
Konner Kubica,,,,,,N,,,144,,
Connor Herrera,,,,,,N,,,145,,
Brady McHenry,,,,,,N,,,146,,
Alexander Weinberg,,,,,,N,,,147,,
Mihir Roperia,,,,,,N,,,148,,
Theodore Snyder,,,,,,N,,,149,,
Sahish Reddy,,,,,,N,,,150,,
Lorenzo Rodriguez,,,,,,N,,,151,,
Brayden Miller,,,,,,N,,,152,,
Lung-Jui Kao,,,,,,N,,,154,,
Nick Vilela,,,,,,N,,,155,,
Spencer Shropshire,,,,,,N,,,156,,
Michael Hall,,,,,,N,,,157,,
Josh Yan,,,,,,N,,,158,,
Gabriel Derbez Torres,,,,,,N,,,159,,
Griffin Cheatwood,,,,,,N,,,160,,
Kaden Chang,,,,,,N,,,162,,
Alex Holder,,,,,,N,,,163,,
Ethan Hoffmann,,,,,,N,,,164,,
Tye Treadwell,,,,,,N,,,165,,
Austin Hunt,,,,,,N,,,166,,
Aiden Patel,,,,,,N,,,167,,
Finley Bartlett,,,,,,N,,,168,,
Trevor Cox,,,,,,N,,,169,,
Shawn Coultoff,,,,,,N,,,170,,
Harrison Zipfel,,,,,,N,,,171,,
Parker Severs,,,,,,N,,,173,,
Eli Wessel,,,,,,N,,,174,,
Baron Nguyen,,,,,,N,,,176,,
Ethan Schwan,,,,,,N,,,177,,
Kayden Wang,,,,,,N,,,178,,
Phillips Swift,,,,,,N,,,179,,
Conner Brummitt,,,,,,N,,,180,,
Charles-Edmond Proulx,,,,,,N,,,181,,
Lawson Ford,,,,,,N,,,182,,
Frank (Weiqiao) Zhang,,,,,,N,,,183,,
Ryan Lee,,,,,,N,,,184,,
Henry O'Keefe,,,,,,N,,,185,,
Noah Peens,,,,,,N,,,186,,
Luc Kelty,,,,,,N,,,187,,
Jordan Giles,,,,,,N,,,188,,
Zachary Luo,,,,,,N,,,189,,
Daniel McBrien,,,,,,N,,,190,,
Jack Roberts,,,,,,N,,,191,,
Ben Fauver,,,,,,N,,,192,,
Joey Iaciofano,,,,,,N,,,193,,
Ken Fernandes,,,,,,N,,,196,,
Wylie Inman,,,,,,N,,,197,,
Ryan Cronin,,,,,,N,,,198,,
Corrington Case,,,,,,N,,,199,,
Cody Guetzke,,,,,,N,,,200,,
Ashton Edwards,,,,,,N,,,201,,
Will Ruth,,,,,,N,,,202,,
Shayaan Kim,,,,,,N,,,203,,
Elijah Felty,,,,,,N,,,204,,
Trevor Tingle,,,,,,N,,,205,,
Major Ewing,,,,,,N,,,206,,
Cooper Stearns,,,,,,N,,,207,,
Charlie Haney,,,,,,N,,,208,,
Smith Summerlin,,,,,,N,,,209,,
Henry Zhong,,,,,,N,,,210,,
Andrew Rodriguez,,,,,,N,,,212,,
Nick Werner,,,,,,N,,,213,,
Pierson Huyck,,,,,,N,,,214,,
Carson Krauss,,,,,,N,,,215,,
Maxwell Morgan,,,,,,N,,,217,,
Grayson Petru,,,,,,N,,,218,,
Jayden Jun,,,,,,N,,,219,,
Ajay Morris,,,,,,N,,,220,,
Kaden Leivian,,,,,,N,,,221,,
Aston Lim,,,,,,N,,,222,,
Carter Callan,,,,,,N,,,223,,
Will Judd,,,,,,N,,,224,,
North Chery,,,,,,N,,,225,,
Sam Carraher,,,,,,N,,,226,,
Isaiah Kim,,,,,,N,,,227,,
Carson Kittsley,,,,,,N,,,228,,
Junlin Pan,,,,,,N,,,229,,
Chase Bauer,,,,,,N,,,230,,
Jackson Shelley,,,,,,N,,,231,,
Brody Burgess,,,,,,N,,,232,,
Giacomo Gaggero,,,,,,N,,,233,,
Landon Noble,,,,,,N,,,234,,
Davis Conaway,,,,,,N,,,235,,
Arjun Caprihan,,,,,,N,,,236,,
Beau Sahr,,,,,,N,,,237,,
Luke Ringkamp,,,,,,N,,,238,,
Zonghan Liu,,,,,,N,,,239,,
Brayden Jones,,,,,,N,,,240,,
Kenyon Kahler,,,,,,N,,,241,,
Noah Maclauchlan,,,,,,N,,,242,,
Brayden Forte,,,,,,N,,,243,,
Finn McCall,,,,,,N,,,244,,
Jesse Hellring,,,,,,N,,,245,,
Caleb Lumpkin,,,,,,N,,,246,,
Declan Dent,,,,,,N,,,247,,
Davis Petty,,,,,,N,,,251,,
Christian Choi,,,,,,N,,,252,,
Brooks Urquhart,,,,,,N,,,253,,
Rhett O'Rear,,,,,,N,,,254,,
Charlie Doyle,,,,,,N,,,255,,
Giovanni Binaghi,,,,,,N,,,256,,
Hogan O'Keefe,,,,,,N,,,257,,
Bric Baird,,,,,,N,,,259,,
Andrew Hinson,,,,,,N,,,260,,
Luke Dariotis,,,,,,N,,,261,,
Matthew Simpson,,,,,,N,,,262,,
Noah Andry,,,,,,N,,,263,,
Ethan Lien,,,,,,N,,,264,,
Eli Walker Campbell,,,,,,N,,,265,,
Jacob Rose,,,,,,N,,,266,,
CJ Scohy,,,,,,N,,,267,,
Sean Meador,,,,,,N,,,268,,
Charles Nelson,,,,,,N,,,269,,
Cooper Greenwood,,,,,,N,,,270,,
Maxwell VanderMolen,,,,,,N,,,271,,
Yu-Chin Chen,,,,,,N,,,272,,
Dylan Ramsey,,,,,,N,,,273,,
Samson Li,,,,,,N,,,274,,
Duke Heise,,,,,,N,,,275,,
Bear Dollander,,,,,,N,,,276,,
Ryan Hooker,,,,,,N,,,277,,
Grady Millar,,,,,,N,,,278,,
Callan Fahey,,,,,,N,,,279,,
Chase Birdwell,,,,,,N,,,280,,
Ryan Zhao,,,,,,N,,,282,,
Connor Wolfe,,,,,,N,,,283,,
Sam Feeney,,,,,,N,,,284,,
Devesh Sidhu,,,,,,N,,,285,,
Grant DeLorenzo,,,,,,N,,,287,,
William Long,,,,,,N,,,288,,
Hanqin Wang,,,,,,N,,,289,,
Keane Taino,,,,,,N,,,290,,
Andy Dai,,,,,,N,,,291,,
Vijay Kumar,,,,,,N,,,292,,
Bennett Kuhns,,,,,,N,,,293,,
Leo Chu,,,,,,N,,,294,,
Leon Bui,,,,,,N,,,295,,
Max Margolis,,,,,,N,,,296,,
Zach Huang,,,,,,N,,,297,,
Franco Fernandez,,,,,,N,,,298,,
Tripp Hildreth,,,,,,N,,,299,,
Rohan Shastry,,,,,,N,,,300,,
Reese Jensen,,,,,,N,,,301,,
Ryan Xie,,,,,,N,,,302,,
James Holtsclaw,,,,,,N,,,303,,
Eli Weidmann,,,,,,N,,,304,,
Collin Alstrin,,,,,,N,,,305,,
Christian Maggard,,,,,,N,,,306,,
Benton Manly,,,,,,N,,,307,,
Ryan Nana Tanke,,,,,,N,,,308,,
Jeffrey Rubenstein,,,,,,N,,,309,,
Graham ONeal,,,,,,N,,,310,,
Robert Rosati,,,,,,N,,,311,,
Connor Bringhurst,,,,,,N,,,311,,
Hudson Partin,,,,,,N,,,313,,
Cooper Reitsma,,,,,,N,,,314,,
Gabriel Hull,,,,,,N,,,315,,
Dylan Park,,,,,,N,,,316,,
Tommy Kelley,,,,,,N,,,317,,
Caden Petersen,,,,,,N,,,317,,
Duff McKay,,,,,,N,,,319,,
Slater Meade,,,,,,N,,,320,,
Gavin Amella,,,,,,N,,,321,,
Finn Watson,,,,,,N,,,322,,
Griffin Law,,,,,,N,,,323,,
Andrew Tsar,,,,,,N,,,324,,
Ronav Benak,,,,,,N,,,325,,
Tucker Wick,,,,,,N,,,326,,
Hogan Blais,,,,,,N,,,327,,
David Krusinski,,,,,,N,,,328,,
He (Jerry) Zhu,,,,,,N,,,329,,
Wyatt Brindza,,,,,,N,,,330,,
Landon Miller,,,,,,N,,,332,,
Cameron Baez,,,,,,N,,,333,,
Billy Boroughs,,,,,,N,,,334,,
Silas Haarer,,,,,,N,,,335,,
Mitchell Maier,,,,,,N,,,336,,
Jack Gibbs,,,,,,N,,,337,,
Ethan Butters,,,,,,N,,,338,,
Colton Lusk,,,,,,N,,,339,,
Kevin (Haoran) Wang,,,,,,N,,,340,,
Kai Molina,,,,,,N,,,341,,
Michael Jorski,,,,,,N,,,342,,
Evan Kim,,,,,,N,,,343,,
Andre Follmer,,,,,,N,,,344,,
Lucas Gilbart,,,,,,N,,,345,,
Michael Gavin,,,,,,N,,,346,,
Aidan Peters,,,,,,N,,,347,,
Eric Zhao,,,,,,N,,,348,,
Austin Woods,,,,,,N,,,349,,
Haston Emblom,,,,,,N,,,350,,
Ty Smock,,,,,,N,,,351,,
Eamon Chen,,,,,,N,,,352,,
Weston Miller,,,,,,N,,,353,,
Theodore Vigna,,,,,,N,,,353,,
John John Santospago,,,,,,N,,,355,,
Connor Carver,,,,,,N,,,356,,
Ben Patel,,,,,,N,,,357,,
Tom Yu,,,,,,N,,,358,,
Yuma Nemoto,,,,,,N,,,359,,
Alexander Harwood,,,,,,N,,,360,,
Gabriel Oliveira Holtz,,,,,,N,,,361,,
Ainslie Stanford,,,,,,N,,,362,,
Harper Ackermann,,,,,,N,,,363,,
Preston Albee,,,,,,N,,,364,,
Liam Brandt,,,,,,N,,,365,,
Patmon Malcom,,,,,,N,,,366,,
Ben Friedman,,,,,,N,,,367,,
Andrew Ekstrom,,,,,,N,,,367,,
Jayk Altic,,,,,,N,,,369,,
Hill Wang,,,,,,N,,,370,,
Leo McDonough,,,,,,N,,,371,,
Anthony Wu,,,,,,N,,,372,,
Spencer Mills,,,,,,N,,,373,,
Carter Graham,,,,,,N,,,374,,
Xander Mulder,,,,,,N,,,376,,
ZhenXian Zhang,,,,,,N,,,377,,
Gable Roach,,,,,,N,,,378,,
Nicholas Lyman,,,,,,N,,,379,,
Austin Barry,,,,,,N,,,380,,
Abhay Duggal,,,,,,N,,,381,,
Jake Eickhoff,,,,,,N,,,382,,
Tyson Embry,,,,,,N,,,383,,
Manav Bharani,,,,,,N,,,384,,
Stiles Hunter,,,,,,N,,,385,,
Taighan Chea,,,,,,N,,,386,,
Bode Stephen,,,,,,N,,,387,,
Bo Dong,,,,,,N,,,388,,
Bryson Hughes,,,,,,N,,,389,,
Ethan Blomme,,,,,,N,,,390,,
Whitty Richardson,,,,,,N,,,391,,
Hudson Greene,,,,,,N,,,392,,
Darren Zhou,,,,,,N,,,393,,
Zude Xu,,,,,,N,,,394,,
Clark Mason,,,,,,N,,,395,,
Dawson Szabo,,,,,,N,,,396,,
Trenton Stuart,,,,,,N,,,397,,
Caden Breisch,,,,,,N,,,399,,
Ben Montreuil,,,,,,N,,,400,,
Ethan Tak,,,,,,N,,,401,,
Andrew Hahn,,,,,,N,,,402,,
Blake Goodnight,,,,,,N,,,403,,
Callahan Harrell,,,,,,N,,,404,,
Colt Farrow,,,,,,N,,,405,,
Aiden Tiet,,,,,,N,,,406,,
Lucas Politano,,,,,,N,,,407,,
Connor Fox,,,,,,N,,,408,,
Brody Knowlton,,,,,,N,,,409,,
Angelo Martinez,,,,,,N,,,410,,
Isaiah Igo,,,,,,N,,,411,,
Raines Watson,,,,,,N,,,412,,
Maddox Crowder,,,,,,N,,,413,,
Parker Rodgers,,,,,,N,,,414,,
Mike Liu,,,,,,N,,,415,,
Chase Larson,,,,,,N,,,416,,
Enze Miao,,,,,,N,,,417,,
Patrick Babb,,,,,,N,,,418,,
Chris Pollak,,,,,,N,,,419,,
Jacob Wilson,,,,,,N,,,419,,
Lester Low,,,,,,N,,,419,,
Mingyuan Yang,,,,,,N,,,419,,
Nicholas Brown,,,,,,N,,,423,,
Davis Hartwell,,,,,,N,,,424,,
Michael Asselta,,,,,,N,,,425,,
Tiger Yuanjun Liu,,,,,,N,,,426,,
Rayhao Feng,,,,,,N,,,427,,
Andrew Couey,,,,,,N,,,428,,
Jonathan Weinberg,,,,,,N,,,429,,
Justin Hu,,,,,,N,,,430,,
Braeden Nelson,,,,,,N,,,431,,
Cameron Roberts,,,,,,N,,,432,,
Dallas Inch,,,,,,N,,,434,,
Samuel Han,,,,,,N,,,435,,
Shawn Nawata,,,,,,N,,,436,,
AJ Salierno,,,,,,N,,,437,,
Qi (Steven) Liu,,,,,,N,,,438,,
Rawlin Sutter,,,,,,N,,,439,,
Julian Sinishtaj,,,,,,N,,,440,,
Liam Allan,,,,,,N,,,441,,
Danny Wehle,,,,,,N,,,442,,
Ray Zhang,,,,,,N,,,443,,
Carson Higginbotham,,,,,,N,,,444,,
Griffin Chiu,,,,,,N,,,445,,
Nathan Ash,,,,,,N,,,446,,
Andrea Birolini,,,,,,N,,,447,,
Sevren Quinn,,,,,,N,,,448,,
Payton Schmitt,,,,,,N,,,449,,
Anderson Lee,,,,,,N,,,450,,
Thomas Crane,,,,,,N,,,450,,
Lee Smith,,,,,,N,,,450,,
Colton Woosley,,,,,,N,,,453,,
Oscar Liang,,,,,,N,,,454,,
Ben Wheeler,,,,,,N,,,455,,
Nemo Tsai,,,,,,N,,,456,,
Jake Valentine,,,,,,N,,,457,,
Bridger Johnson,,,,,,N,,,459,,
Tyler Loree,,,,,,N,,,460,,
Owen Love,,,,,,N,,,461,,
Lincoln Blake,,,,,,N,,,462,,
Ravi Desai,,,,,,N,,,463,,
Eason Chen,,,,,,N,,,464,,
Christian Koehn,,,,,,N,,,465,,
Bennett Scaletta,,,,,,N,,,466,,
Tucker Sweeney,,,,,,N,,,467,,
Alexander Thu,,,,,,N,,,468,,
John Markow,,,,,,N,,,469,,
Santiago Russi,,,,,,N,,,470,,
Dylan Boenning,,,,,,N,,,471,,
Jinhuai (Steven) Yang,,,,,,N,,,472,,
Julius Arenkiel,,,,,,N,,,473,,
Ziyao Lyu,,,,,,N,,,474,,
Colton Rodgers,,,,,,N,,,475,,
Harry Cox,,,,,,N,,,476,,
Cheng-En Wu,,,,,,N,,,478,,
Samuel Ottwell,,,,,,N,,,479,,
Connor Bryce,,,,,,N,,,480,,
Drew Madigan,,,,,,N,,,481,,
Nathan Lee,,,,,,N,,,482,,
"Joseph ""Ajax"" LaNasa",,,,,,N,,,483,,
Collin Ramos,,,,,,N,,,484,,
Austin Hofferkamp,,,,,,N,,,485,,
Joseph (JP) Levan,,,,,,N,,,486,,
Conner Scheich,,,,,,N,,,487,,
Walker Gantt,,,,,,N,,,487,,
Jiu-You Lin,,,,,,N,,,489,,
Charith Chintam,,,,,,N,,,490,,
Austin Randall,,,,,,N,,,491,,
Ryder Rasmussen,,,,,,N,,,492,,
Geoffrey Laklak,,,,,,N,,,493,,
Mason Lewis,,,,,,N,,,494,,
Will Harvey,,,,,,N,,,495,,
Phoebus Xiaofei Chen,,,,,,N,,,496,,
Maxim Mckenzie,,,,,,N,,,497,,
Andrew Sciortino,,,,,,N,,,497,,
Zi Ang (Josiah) Wang,,,,,,N,,,499,,
Ves Butler,,,,,,N,,,500,,
Brett Schell,,,,,,N,,,,,66
William Huang,,,,,,N,,,,,92
Laurent Desmarchais,,,,,,N,,,,,96
Tucker Clark,,,,,,N,,,,,98
Braedon Wear,,,,,,N,,,,,102
Bryce Reed,,,,,,N,,,,,103
Cade Anderson,,,,,,N,,,,,105
Brett Reid,,,,,,N,,,,,106
Hamish Murray,,,,,,N,,,,,107
Vishnu Sadagopan,,,,,,N,,,,,108
Jack Burke,,,,,,N,,,,,111
Yuqi Liu,,,,,,N,,,,,112
Jack Maxey,,,,,,N,,,,,113
Thomas Jenkins,,,,,,N,,,,,114
Nick Fowlkes,,,,,,N,,,,,115
Alejandro Rodriguez Andreu,,,,,,N,,,,,116
Felix Schrott,,,,,,N,,,,,117
Frederik Eisenbeis,,,,,,N,,,,,118
Sam Potter,,,,,,N,,,,,119
Jaren Calkins,,,,,,N,,,,,120
Gene Chaikangwal,,,,,,N,,,,,121
Xirong Cheng,,,,,,N,,,,,122
Felix Krammer,,,,,,N,,,,,123
Jason Bannister,,,,,,N,,,,,124
Braxton Kuntz,,,,,,N,,,,,125
Ryan Bilby,,,,,,N,,,,,126
Supakit Seelanagae,,,,,,N,,,,,127
Jackson Klutznick,,,,,,N,,,,,128
Joshua German,,,,,,N,,,,,129
Michael Crowley,,,,,,N,,,,,130
James Roller,,,,,,N,,,,,131
Ali Khan,,,,,,N,,,,,132
Connor Adams,,,,,,N,,,,,133
Jack Holland,,,,,,N,,,,,134
Presten Richardson,,,,,,N,,,,,135
Luke Dugger,,,,,,N,,,,,136
Davis McDowell,,,,,,N,,,,,137
Patrick Azevedo,,,,,,N,,,,,138
Ben Hoagland,,,,,,N,,,,,139
Colin Dutton,,,,,,N,,,,,140
Jackson Parrish,,,,,,N,,,,,141
Ian Mccrary,,,,,,N,,,,,142
Raghav Chugh,,,,,,N,,,,,143
Jake Hibbert,,,,,,N,,,,,144
Russell Howlett,,,,,,N,,,,,145
Joe Buenfeld,,,,,,N,,,,,146
Liam Gobin,,,,,,N,,,,,147
Ethan Chung,,,,,,N,,,,,148
Robbie Bender,,,,,,N,,,,,149
DJ Francey,,,,,,N,,,,,150
Jack Neill,,,,,,N,,,,,151
Parker Mapes,,,,,,N,,,,,152
Ray Dennehy,,,,,,N,,,,,153
Laurens Schulze-Doering,,,,,,N,,,,,154
Ty Kretz,,,,,,N,,,,,155
Ken-Marten Soo,,,,,,N,,,,,156
Scott Jordan,,,,,,N,,,,,157
Drayton Joseph,,,,,,N,,,,,158
Key Coker,,,,,,N,,,,,159
Jack Wofford,,,,,,N,,,,,160
Santiago Bailleres,,,,,,N,,,,,161
Pierce Johnson,,,,,,N,,,,,162
Reed Malleck,,,,,,N,,,,,163
Jacob Uyesato,,,,,,N,,,,,164
Trey Mixon,,,,,,N,,,,,165
Michael Winslow,,,,,,N,,,,,166
Ethan Whitney,,,,,,N,,,,,167
Will O'Connor,,,,,,N,,,,,168
BEN JAMES,,,,,VIRGINIA,Y,,,,4,
CHRISTIAN MAAS,,,,,TEXAS,Y,,,,7,
ZACK SWANWICK,,,,,FLORIDA,Y,,,,176,
SEGUNDO OLIVA,,,,,,N,,,,204,
ADAM VILLANUEVA,,,,,,N,,,,231,
JAIME MONTOJO,,,,,,N,,,,263,
JUSTIN LARUE,,,,,LONGWOOD,Y,,,,292,
JOE DERANEY,,,,,,N,,,,321,
JP CAVE,,,,,ALABAMA,Y,,,,340,
ERICH FORTLAGE,,,,,,N,,,,349,
KHANH HUNG LE,,,,,,N,,,,350,
MATEO FUENMAYOR,,,,,,N,,,,367,
JUNHEE CHOI,,,,,,N,,,,378,
NICKY KLING,,,,,GRAND CANYON,Y,,,,396,
ASTIN ARTHUR,,,,,,N,,,,410,
LI GANG,,,,,SEATTLE UNIVERSITY,Y,,,,421,
JUNGHUN PARK,,,,,,N,,,,447,
WENLIANG XIE,,,,,CALIFORNIA,Y,,,,459,
NOA AUCH ROY,,,,,,N,,,,475,
XIONG TIANYI,,,,,ARIZONA,Y,,,,488,
DAVIS LEE,,,,,NORTH FLORIDA,Y,,,,495,
